	pval	adjpval	beta	ci_low	ci_high	symbol
ENSG00000254709	4.9994197663005586e-26	2.499709883150279e-23	-0.029824640951335205	-0.0353646342813679	-0.02428464762130251	IGLL5
ENSG00000143546	1.894401540674948e-24	4.736003851687369e-22	-0.053610897041786586	-0.06390794256327978	-0.0433138515202934	S100A8
ENSG00000111341	4.2765301872340866e-20	7.127550312056811e-18	-0.028275356140184893	-0.034311682349878136	-0.02223902993049165	MGP
ENSG00000163220	5.809400293379042e-19	7.261750366723802e-17	-0.03863548161741117	-0.04714800258981742	-0.03012296064500492	S100A9
ENSG00000167995	5.639244070455354e-17	5.639244070455353e-15	-0.02612421314966525	-0.03223974751321711	-0.02000867878611339	BEST1
ENSG00000102265	5.350301802031883e-16	4.458584835026569e-14	-0.025904663821265165	-0.03217031118102052	-0.01963901646150981	TIMP1
ENSG00000198918	3.274666135576942e-13	2.3390472396978155e-11	-0.02598295733744213	-0.03297575070109523	-0.018990163973789036	RPL39
ENSG00000162511	5.844505951444766e-12	3.6528162196529783e-10	-0.022709895756157145	-0.029176271035875185	-0.016243520476439104	LAPTM5
ENSG00000234745	6.676212677218392e-12	3.709007042899107e-10	-0.020010898428312215	-0.025724511885337448	-0.01429728497128698	HLA-B
ENSG00000206503	9.695052871209312e-12	4.847526435604655e-10	-0.020632484142129485	-0.02656981663530661	-0.014695151648952359	HLA-A
ENSG00000266402	5.0623152927556834e-11	2.301052405798038e-09	0.02220806071845964	0.015582030495304482	0.0288340909416148	SNHG25
ENSG00000107485	5.946557737905661e-10	2.4777323907940252e-08	0.023303140090429258	0.015926769092951924	0.03067951108790659	GATA3
ENSG00000204525	7.115186504792802e-10	2.7366101941510778e-08	-0.01827443273615425	-0.02408561104532578	-0.012463254426982717	HLA-C
ENSG00000204287	1.0171563064883854e-09	3.6327010946013765e-08	-0.02026392366421317	-0.026767697551108544	-0.013760149777317796	HLA-DRA
ENSG00000108518	1.3461646968153913e-09	4.4872156560513045e-08	-0.017089019547432437	-0.022614429234051592	-0.01156360986081328	PFN1
ENSG00000173372	3.1382596582239667e-09	9.807061431949896e-08	-0.019564417898678497	-0.026037118035098297	-0.013091717762258698	C1QA
ENSG00000187608	5.7198455391153293e-08	1.6823075115045085e-06	-0.018617740804225624	-0.02534112037249258	-0.01189436123595867	ISG15
ENSG00000075624	1.0855785826415229e-07	3.0154960628931197e-06	-0.014877732108891071	-0.02036738020240125	-0.009388084015380892	ACTB
ENSG00000129226	1.648098410447471e-07	4.337101080124924e-06	-0.019225197737678976	-0.02642276873007419	-0.012027626745283761	CD68
ENSG00000132763	2.7118143309462484e-07	6.779535827365621e-06	-0.019124652363363446	-0.02641371575136399	-0.011835588975362903	MMACHC
ENSG00000019582	3.2715224121504466e-07	7.789339076548682e-06	-0.015278358076163182	-0.021141777799883122	-0.009414938352443242	CD74
ENSG00000204592	7.094326895860144e-07	1.6123470217863966e-05	-0.015319161233649126	-0.02137409898605042	-0.009264223481247832	HLA-E
ENSG00000165949	8.188234467350374e-07	1.780050971163125e-05	-0.015271079395867967	-0.02134121070287169	-0.009200948088864245	IFI27
ENSG00000130303	1.2474659812588472e-06	2.5988874609559315e-05	-0.015147299258569802	-0.021271163567425293	-0.009023434949714311	BST2
ENSG00000026025	1.7236185387391684e-06	3.330264517082475e-05	-0.015841039988241226	-0.022331804363364214	-0.009350275613118238	VIM
ENSG00000234741	1.731737548882887e-06	3.330264517082475e-05	0.01668239058585806	0.00984553858523988	0.02351924258647624	GAS5
ENSG00000142669	3.6697535851955364e-06	6.795839972584326e-05	-0.014947080848668503	-0.021275466430093277	-0.00861869526724373	SH3BGRL3
ENSG00000125730	4.3381412999198075e-06	7.746680892713942e-05	-0.015769504939713526	-0.022496623412792863	-0.009042386466634189	C3
ENSG00000205542	4.9788982015353625e-06	8.584307244026487e-05	-0.01561601015065934	-0.022319688794823937	-0.008912331506494744	TMSB4X
__ambiguous[ENSG00000219200+ENSG00000161939]	6.194948887537057e-06	0.00010324914812561762	-0.014704841491095367	-0.021081690156917545	-0.00832799282527319	None
ENSG00000102316	9.066576766784751e-06	0.00014623510914168954	0.01619673999276929	0.009044245092803719	0.023349234892734858	MAGED2
ENSG00000143774	9.831621312141202e-06	0.00015361908300220628	-0.014695649475979228	-0.02121090873979868	-0.008180390212159775	GUK1
ENSG00000198832	2.0205807509699923e-05	0.000306148598631817	-0.01532682319695513	-0.02237416300930907	-0.008279483384601192	SELENOM
ENSG00000243449	2.3360669119516345e-05	0.0003435392517575933	-0.014863135849257919	-0.02174981431130248	-0.007976457387213358	C4orf48
ENSG00000143933	2.5285819350325048e-05	0.0003612259907189292	0.01580790170971571	0.00845244062853337	0.02316336279089805	CALM2
ENSG00000231925	3.063092692479168e-05	0.0004254295406221067	-0.012890100464995863	-0.01895049952777324	-0.006829701402218486	TAPBP
__ambiguous[ENSG00000185885+ENSG00000185201]	3.749143159115061e-05	0.0005066409674479813	-0.01265321524957676	-0.01866906313961844	-0.006637367359535075	None
ENSG00000185825	4.268728878230079e-05	0.0005616748523986947	-0.012995733949642102	-0.019219703459773772	-0.00677176443951043	BCAP31
ENSG00000169710	4.443927673796464e-05	0.0005697343171533929	0.012587836779354275	0.006545437869476286	0.018630235689232263	FASN
ENSG00000051523	4.768512280386387e-05	0.0005960640350482983	-0.013226339939335837	-0.019600844704639842	-0.00685183517403183	CYBA
ENSG00000160932	6.995102170019291e-05	0.0008327502583356298	-0.014079294814773479	-0.021018875293274716	-0.007139714336272243	LY6E
ENSG00000166710	6.850589139752775e-05	0.0008327502583356298	-0.012226736554784564	-0.01824569123334219	-0.006207781876226938	B2M
ENSG00000180879	7.702665197987271e-05	0.0008956587439520083	-0.011418055217126364	-0.017078649522958032	-0.005757460911294694	SSR4
ENSG00000134240	8.511617771798921e-05	0.0009672292922498775	0.021203625770937186	0.010627687694043838	0.03177956384783053	HMGCS2
ENSG00000126709	0.00011447922888530756	0.001271991432058973	-0.01338147118303748	-0.020180210106436714	-0.006582732259638247	IFI6
ENSG00000205639	0.00012767938642215177	0.0013878194176320845	-0.014723259628263275	-0.02225598473083726	-0.00719053452568929	MFSD2B
ENSG00000132475	0.0001316549174066728	0.0014005842277305617	0.012795667189208784	0.006236210507365785	0.019355123871051785	H3F3B
ENSG00000171223	0.0001354253878728721	0.001410681123675751	-0.013902971574217415	-0.021043073727183274	-0.006762869421251556	JUNB
ENSG00000034510	0.00016089263438197205	0.0016304455935609577	-0.010422075542851742	-0.01583514478981448	-0.005009006295889004	TMSB10
ENSG00000142173	0.00016304455935609578	0.0016304455935609577	-0.013174340706001814	-0.0200229101355888	-0.00632577127641483	COL6A2
ENSG00000224389	0.00023844464374773604	0.0023376925857621182	-0.012368563651507083	-0.01896615542182012	-0.005770971881194049	C4B
__ambiguous[ENSG00000251357+ENSG00000240972]	0.0002461296749367367	0.0023666314897763147	-0.010334545102082057	-0.015859349824267815	-0.004809740379896299	None
ENSG00000197956	0.0002517788911784506	0.00237527255828727	-0.01302441178043251	-0.01999825982310579	-0.006050563737759229	S100A6
ENSG00000084207	0.0002759436320361353	0.0025550336299642157	-0.01400572424920609	-0.021553566583479337	-0.006457881914932843	GSTP1
ENSG00000115457	0.00029065209893317775	0.002642291808483434	-0.011381004003983763	-0.017537042823699178	-0.0052249651842683495	IGFBP2
ENSG00000142192	0.0003532813118774891	0.003154297427477581	0.013308905035252748	0.0060077691364878024	0.020610040934017693	APP
ENSG00000116857	0.00037959344919556097	0.003329767098206675	0.013325010025160362	0.005976268586428307	0.020673751463892415	TMEM9
ENSG00000159840	0.0003896343877976576	0.0033589171361867033	-0.012651238483647704	-0.01964191329581635	-0.005660563671479058	ZYX
ENSG00000139219	0.0004099759722112613	0.003474372645858147	0.018165638814698196	0.008089731755997542	0.02824154587339885	COL2A1
ENSG00000182492	0.00042406651512015754	0.0035338876260013127	-0.011622559281001586	-0.018085582253773498	-0.0051595363082296754	BGN
ENSG00000111678	0.0005071674273026989	0.004157110059858187	-0.011523377675985476	-0.018019144622110017	-0.005027610729860935	C12orf57
ENSG00000137818	0.0005190353329772382	0.004185768814332566	-0.009464670685006001	-0.014809478615974137	-0.004119862754037866	RPLP1
ENSG00000099795	0.0005838025069236431	0.004633353229552723	-0.012569287517519883	-0.019732746618801516	-0.005405828416238251	NDUFB7
ENSG00000109971	0.0006081479695670002	0.004751156012242189	-0.012730666873127974	-0.020009541343431934	-0.005451792402824013	HSPA8
ENSG00000130208	0.0006962180456851268	0.005355523428347129	-0.01149847570724626	-0.01814435361138027	-0.004852597803112247	APOC1
ENSG00000025708	0.0007456845974818222	0.0056491257384986525	-0.011861727005150879	-0.01875589445476272	-0.004967559555539038	TYMP
ENSG00000167978	0.0008296689086988246	0.006191559020140481	0.011738802084933313	0.004855858868157888	0.01862174530170874	SRRM2
ENSG00000197746	0.0009531651734734393	0.007008567452010583	-0.009406463646812286	-0.014986470067403803	-0.0038264572262207705	PSAP
ENSG00000042753	0.001032261346380727	0.007480154683918312	-0.011941380054031833	-0.019073509500356727	-0.004809250607706938	AP2S1
ENSG00000221983	0.0010705036104954565	0.007646454360681831	-0.009360406495879256	-0.014968574978052037	-0.003752238013706474	UBA52
ENSG00000171222	0.0012798793166295382	0.009013234624151678	-0.010872878973152004	-0.01749009945567581	-0.004255658490628197	SCAND1
ENSG00000135390	0.0013161504876572094	0.009139933942063956	0.010671512392311233	0.0041606314943309205	0.017182393290291545	ATP5MC2
ENSG00000108654	0.0013413793213154198	0.00918752959805082	0.010886418617726613	0.0042331150735050605	0.017539722161948164	DDX5
ENSG00000175899	0.0014443754434514478	0.009583705456313575	-0.011173699817364678	-0.018048329482224165	-0.004299070152505192	A2M
ENSG00000279274	0.0014306942050892777	0.009583705456313575	-0.010646414118407516	-0.01719097564855332	-0.004101852588261714	AC012005.1
ENSG00000246705	0.0014567232293596633	0.009583705456313575	-0.009823732740676955	-0.015872472059739476	-0.0037749934216144334	H2AFJ
ENSG00000122566	0.0017038005408839072	0.010517287289406834	0.011103722995623622	0.00416739932054953	0.018040046670697713	HNRNPA2B1
ENSG00000120885	0.0016886039794525832	0.010517287289406834	-0.01124211000720981	-0.018259010202058404	-0.004225209812361218	CLU
ENSG00000142534	0.0016765785372590066	0.010517287289406834	0.008891290425519867	0.0033453795631628244	0.01443720128787691	RPS11
ENSG00000117335	0.0016500047596584618	0.010517287289406834	0.012027930056880734	0.004536695862138486	0.01951916425162298	CD46
ENSG00000164587	0.0016660814574672583	0.010517287289406834	-0.008644310616486049	-0.014033016062012033	-0.0032556051709600646	RPS14
ENSG00000145494	0.0017680155032927755	0.01078058233715107	-0.010985604364809214	-0.017871980808932545	-0.004099227920685883	NDUFS6
ENSG00000198242	0.0018602204326504269	0.011206147184641125	-0.009569551213464025	-0.015597143260430147	-0.003541959166497903	RPL23A
ENSG00000241553	0.0022264310848280526	0.01325256598111936	-0.01125586088225176	-0.018469519915650538	-0.004042201848852982	ARPC4
ENSG00000177600	0.002591548899572328	0.01524440529160193	-0.008243830365114132	-0.013607455692659023	-0.0028802050375692414	RPLP2
ENSG00000170906	0.003153131706699035	0.018332161085459507	-0.010146510927721302	-0.016882315465375136	-0.0034107063900674656	NDUFA3
ENSG00000185896	0.0032592613477634646	0.018731387056111867	-0.010858833745900355	-0.018092596130306796	-0.003625071361493915	LAMP1
ENSG00000179218	0.0034098787643722568	0.019374311161206005	-0.008383291088505839	-0.013994670552900431	-0.0027719116241112464	CALR
__ambiguous[ENSG00000268173+ENSG00000216490]	0.003891497305703513	0.02186234441406468	-0.010555541352006408	-0.017722056742618893	-0.003389025961393924	None
ENSG00000074071	0.003952910627835794	0.021960614599087748	-0.010556323656150533	-0.017735631733687154	-0.00337701557861391	MRPS34
ENSG00000108107	0.0040839881630447385	0.022439495401344718	-0.007893061369845245	-0.01328034127470205	-0.002505781464988438	RPL28
ENSG00000167658	0.004495750015618553	0.023913563912864644	0.008537477650353672	0.00264781556072842	0.014427139739978924	EEF2
ENSG00000087460	0.004418204417790801	0.023913563912864644	0.009264845760231266	0.002885849313523742	0.01564384220693879	GNAS
ENSG00000158710	0.004492944693625185	0.023913563912864644	-0.008826048492362123	-0.014914357446191243	-0.0027377395385330024	TAGLN2
ENSG00000196924	0.004554051704369038	0.023968693180889674	-0.00936779617306484	-0.015839627043404008	-0.0028959653027256713	FLNA
ENSG00000110484	0.004672532483101009	0.024336106682817753	0.014755802804662864	0.00453202849860867	0.024979577110717056	SCGB2A2
ENSG00000101439	0.004825161894679416	0.02487196852927534	-0.00810864752049795	-0.013747380872643187	-0.002469914168352714	CST3
ENSG00000229117	0.004900074387495438	0.025000379528037946	0.009504957806624031	0.00288360600183336	0.016126309611414702	RPL41
ENSG00000071553	0.0051012069773632915	0.025763671602844904	-0.00896620644907193	-0.015241152950378938	-0.0026912599477649218	ATP6AP1
ENSG00000156482	0.005208551553599944	0.02604275776799972	-0.008303690772646866	-0.014128973737459145	-0.002478407807834585	RPL30
ENSG00000111640	0.0053132004541238355	0.02604510026531292	-0.007588206236967258	-0.012923853585469956	-0.0022525588884645615	GAPDH
ENSG00000143947	0.0053068531475837415	0.02604510026531292	-0.008493644861120114	-0.01446512169872783	-0.0025221680235123977	RPS27A
ENSG00000117984	0.005428892375000647	0.02635384648058567	-0.00792699189795054	-0.013514862905253767	-0.002339120890647313	CTSD
ENSG00000186010	0.005988273712589844	0.02878977746437425	-0.009269375044500955	-0.015879581206144033	-0.002659168882857878	NDUFA13
ENSG00000233927	0.006447310446090368	0.03070147831471604	-0.007904485586410851	-0.013591646171092764	-0.002217325001728938	RPS28
ENSG00000100097	0.006759649546642887	0.031642059960390295	-0.009454027866115584	-0.01629539234589097	-0.0026126633863401963	LGALS1
ENSG00000114353	0.006771400831523523	0.031642059960390295	-0.008752744758600273	-0.015087977184414183	-0.002417512332786363	GNAI2
ENSG00000177697	0.006922057338679771	0.03175255659944849	0.009739785817099854	0.0026710474464962768	0.01680852418770343	CD151
ENSG00000149925	0.006919929259115203	0.03175255659944849	-0.008213740343088945	-0.014174711537952167	-0.0022527691482257233	ALDOA
ENSG00000182704	0.007196566604578906	0.03271166638444957	-0.011631416770395133	-0.02011373698902099	-0.0031490965517692766	TSKU
ENSG00000141753	0.007310077473154982	0.032928276906103525	0.009488129098919888	0.0025553290931615786	0.016420929104678197	IGFBP4
ENSG00000170889	0.007546614019106098	0.03352834457033857	-0.0077965707276527775	-0.013516130696217604	-0.002077010759087951	RPS9
ENSG00000272196	0.007577405872896517	0.03352834457033857	-0.009672991050186564	-0.016772724034384703	-0.002573258065988425	HIST2H2AA4
ENSG00000105372	0.007881655770951849	0.03456866566206951	-0.007307772191267395	-0.012698228619397556	-0.0019173157631372324	RPS19
ENSG00000141424	0.008019396016109983	0.03486693920047818	0.009695818390873643	0.0025280900238217555	0.016863546757925528	SLC39A6
ENSG00000180389	0.0085135550808549	0.036085491656378074	-0.009954626340027124	-0.017370344298704977	-0.002538908381349271	ATP5F1EP2
ENSG00000099622	0.00845308512372729	0.036085491656378074	0.009083059605248278	0.002322839170472553	0.015843280040024003	CIRBP
ENSG00000127184	0.008537910594864175	0.036085491656378074	0.00936296253763194	0.0023854304931243556	0.016340494582139525	COX7C
ENSG00000160182	0.00858834701421798	0.036085491656378074	-0.010458861305323428	-0.01825902705822538	-0.002658695552421474	TFF1
ENSG00000110492	0.00866961773665623	0.03612340723606763	-0.009345170175259826	-0.016323262055978845	-0.0023670782945408083	MDK
ENSG00000106541	0.009507345466922078	0.039286551516206934	-0.010248340540453567	-0.017993977628594796	-0.0025027034523123406	AGR2
ENSG00000124172	0.011470361744710281	0.04700967928159951	-0.008399415291135772	-0.014911415888385997	-0.0018874146938855476	ATP5F1E
ENSG00000172531	0.011647531283084014	0.047347688142617944	-0.00787615176973925	-0.013995507682903786	-0.0017567958565747124	PPP1CA
ENSG00000127884	0.012241432892967741	0.04857711465463389	-0.009047457790896777	-0.016126073955683655	-0.0019688416261098973	ECHS1
ENSG00000096384	0.012129286058661069	0.04857711465463389	0.008065886821163876	0.0017634243730482403	0.014368349269279511	HSP90AB1
ENSG00000073350	0.012184766912564317	0.04857711465463389	0.010180049218085387	0.002220520519267504	0.01813957791690327	LLGL2
ENSG00000105640	0.012453894894476472	0.049031082261718394	-0.007180642742029423	-0.012812381530810784	-0.0015489039532480629	RPL18A
ENSG00000067225	0.012600583258833594	0.04922102835481872	0.008835554552807533	0.0018943437770718849	0.01577676532854318	PKM
ENSG00000279483	0.013075002756443625	0.05028847214016779	-0.007651467291309437	-0.013694292933630042	-0.0016086416489888315	AC090498.1
ENSG00000160862	0.013035871245283204	0.05028847214016779	0.007745968120460688	0.001631140880420102	0.013860795360501273	AZGP1
ENSG00000133112	0.013200889466402141	0.05038507429924481	0.007778463714205962	0.0016268724049609343	0.01393005502345099	TPT1
ENSG00000106153	0.013358823499113793	0.05060160416330982	-0.008578286100725533	-0.015374058853077672	-0.0017825133483733938	CHCHD2
__ambiguous[ENSG00000277957+ENSG00000161960]	0.01499941007624207	0.05638875968512056	-0.008010989957669988	-0.014466052872836952	-0.0015559270425030232	None
ENSG00000104904	0.015831067351970204	0.058461924451309565	-0.0075254175942584154	-0.01363849236492776	-0.0014123428235890715	OAZ1
ENSG00000160180	0.01581224317283408	0.058461924451309565	-0.008611776669265863	-0.015606069550454835	-0.0016174837880768922	TFF3
ENSG00000126267	0.015901643450756203	0.058461924451309565	-0.0076503167307543736	-0.013869030070131308	-0.0014316033913774392	COX6B1
ENSG00000124614	0.016622202434920717	0.06066497239022159	-0.007696133705533965	-0.013994421862526415	-0.001397845548541516	RPS10
ENSG00000182196	0.01692583595445965	0.06132549258862192	-0.008576463541628405	-0.015614714755643652	-0.0015382123276131577	ARL6IP4
ENSG00000198034	0.01727583154500215	0.06214327893885665	0.007049834796783631	0.0012461073549759677	0.012853562238591295	RPS4X
ENSG00000108298	0.01754794565546192	0.06267123448379257	-0.006728591782676436	-0.012281299250718605	-0.001175884314634266	RPL19
ENSG00000188603	0.01802010548636575	0.06390108328498494	-0.009315560840208117	-0.01703504634120574	-0.0015960753392104945	CLN3
ENSG00000112306	0.018228978219972877	0.06418654302807351	-0.006771935955430579	-0.012393758081907806	-0.0011501138289533516	RPS12
ENSG00000137154	0.019037371633490015	0.06656423648073433	-0.0069261671653345	-0.012715593826722993	-0.0011367405039460063	RPS6
ENSG00000132507	0.01945372086615085	0.06754764189635712	-0.00798055916266223	-0.014674388571451095	-0.0012867297538733677	EIF5A
ENSG00000176340	0.02012195502455213	0.06933743909567909	-0.007503242109165455	-0.013830981541442161	-0.0011755026768887483	COX8A
ENSG00000142798	0.020246532215938293	0.06933743909567909	-0.0085656700703875	-0.015796604692238106	-0.0013347354485368943	HSPG2
ENSG00000145425	0.02104293582267455	0.07157461164175016	-0.0073401299948042545	-0.01357552698143542	-0.00110473300817309	RPS3A
ENSG00000167468	0.021200363898943492	0.07162285100994424	-0.006972569930437259	-0.012902965379677164	-0.0010421744811973535	GPX4
ENSG00000130429	0.021833012953679228	0.07326514413986318	-0.008519941734198264	-0.01580161735953961	-0.0012382661088569174	ARPC1B
ENSG00000177954	0.02241846748703477	0.07472822495678258	-0.00666380043111095	-0.01238419151807762	-0.00094340934414428	RPS27
ENSG00000160888	0.022753575329801105	0.07534296466821558	-0.009178595899457348	-0.017077320535236994	-0.0012798712636777048	IER2
ENSG00000213719	0.02308324340460002	0.07593172172565796	-0.007904302287681962	-0.014722866976949809	-0.001085737598414115	CLIC1
ENSG00000115414	0.024701975276548684	0.08072540940048589	0.007654318116777478	0.0009748987647060113	0.014333737468848945	FN1
ENSG00000184897	0.025194644779768037	0.08180079473950662	-0.007201078666940514	-0.013506395946265244	-0.0008957613876157842	H1FX
ENSG00000172270	0.02583971366197674	0.08335391503863465	-0.007515469518710715	-0.014124986011869137	-0.0009059530255522948	BSG
ENSG00000214530	0.02741408015215739	0.08730598774572418	-0.007420288068935889	-0.014014272152943624	-0.0008263039849281525	STARD10
ENSG00000171604	0.02729492259079954	0.08730598774572418	-0.00842015531688012	-0.015896889589011504	-0.0009434210447487367	CXXC5
ENSG00000104964	0.028625607800618815	0.09001763459314092	-0.007181095960711843	-0.013611993035560033	-0.0007501988858636529	TLE5
ENSG00000253626	0.028560372234641238	0.09001763459314092	-0.0076699047266008	-0.014535729432012742	-0.0008040800211888592	EIF5AL1
__ambiguous[ENSG00000177576+ENSG00000265681+ENSG00000215472]	0.02894332705837071	0.09044789705740847	0.007442580488372723	0.0007642519152051752	0.01412090906154027	None
ENSG00000114867	0.029363999859391973	0.09119254614718003	-0.007173247268735188	-0.013626718432738383	-0.000719776104731994	EIF4G1
ENSG00000123349	0.030174780784752532	0.09313203945911275	-0.007095212860837623	-0.013510212086590832	-0.000680213635084412	PFDN5
ENSG00000262814	0.03197300817927903	0.0980767122063774	-0.008080074750886965	-0.015463998727636798	-0.0006961507741371333	MRPL12
ENSG00000178209	0.032604205691088156	0.09940306613136632	-0.00771716639507578	-0.014795270711951086	-0.0006390620782004749	PLEC
__ambiguous[ENSG00000258674+ENSG00000186010]	0.03357591215594868	0.10174518835135962	-0.007658035015994266	-0.014720890050183177	-0.0005951799818053553	None
ENSG00000101294	0.03651397362499204	0.10932327432632348	-0.007363046318692288	-0.014264156157546287	-0.0004619364798382885	HM13
__ambiguous[ENSG00000254772+ENSG00000255508]	0.036323213674758166	0.10932327432632348	0.006394373988971094	0.00040727300395103187	0.012381474973991157	None
ENSG00000130203	0.037725088216272865	0.11227704826271685	-0.006070731359666345	-0.011797099294651246	-0.0003443634246814431	APOE
ENSG00000169045	0.03862182954716617	0.11292932616130458	0.00789675842074136	0.0004132410591271953	0.015380275782355526	HNRNPH1
ENSG00000174886	0.03832361944020497	0.11292932616130458	-0.006838365601020037	-0.013308917858636912	-0.0003678133434031625	NDUFA11
ENSG00000245532	0.03856891374321552	0.11292932616130458	0.007580752118900567	0.0003986603923873634	0.014762843845413771	NEAT1
ENSG00000008018	0.040416478205323715	0.11613930518771183	-0.007647077115373079	-0.014960196201014195	-0.0003339580297319622	PSMB1
ENSG00000137309	0.04035457617311592	0.11613930518771183	-0.007175397177464085	-0.0140353128917361	-0.0003154814631920709	HMGA1
ENSG00000204469	0.04037211956492165	0.11613930518771183	-0.007016823737327374	-0.013725726356913374	-0.00030792111774137227	PRRC2A
ENSG00000164733	0.041813220513695994	0.11900051265723957	-0.006738084305069402	-0.013226523437697346	-0.0002496451724414584	CTSB
ENSG00000089157	0.041888180455348326	0.11900051265723957	-0.0058595106066493905	-0.011503993065832404	-0.0002150281474663767	RPLP0
ENSG00000099800	0.043194096071723295	0.1213317305385486	0.007462923919766233	0.00022835196641391494	0.014697495873118551	TIMM13
ENSG00000071082	0.043181137894739485	0.1213317305385486	0.00626543825155929	0.00019208777167708906	0.01233878873144149	RPL31
ENSG00000153002	0.04355711921317222	0.12166793076305091	0.010750812023626273	0.0003108810272653903	0.021190743019987156	CPB1
ENSG00000181885	0.04494616481958943	0.12485045783219285	-0.006882198610945124	-0.013609280370719123	-0.00015511685117112518	CLDN7
ENSG00000108679	0.04556462944854078	0.1251775534300571	-0.006173885985403355	-0.012225985758099949	-0.00012178621270675979	LGALS3BP
ENSG00000167815	0.04544317317156161	0.1251775534300571	-0.006535677972117454	-0.012938831102823506	-0.00013252484141140254	PRDX2
ENSG00000136942	0.04653469859341996	0.1271439852279234	-0.005613208246007353	-0.011140275045156526	-8.614144685818031e-05	RPL35
ENSG00000174748	0.04736826308830543	0.1287181062182213	0.006008360398899893	6.977527354489008e-05	0.011946945524254897	RPL15
ENSG00000114391	0.05054990025722796	0.13662135204656206	-0.006363540179478316	-0.01274232097990598	1.5240620949348062e-05	RPL24
ENSG00000133110	0.05086301759403544	0.1367285419194501	-0.00794253904381658	-0.01591489486750635	2.981677987319055e-05	POSTN
ENSG00000160789	0.052565995607709276	0.14055079039494459	-0.006112518164128473	-0.012292814958101701	6.777862984475545e-05	LMNA
ENSG00000163993	0.05301586949880261	0.14099965292234737	-0.008000022243194588	-0.016104127695502166	0.00010408320911299042	S100P
ENSG00000277791	0.05433737304765104	0.14320873156372985	-0.007375392280267232	-0.01488811139755817	0.0001373268370237048	PSMB3
ENSG00000203812	0.0544494015108014	0.14320873156372985	-0.007536339931168892	-0.01521656879895937	0.00014388893662158498	HIST2H2AA3
ENSG00000116133	0.054705735457344806	0.14320873156372985	0.0070631735084009245	-0.00014249070260799902	0.014268837719409847	DHCR24
ENSG00000008988	0.05504006437762411	0.14333350098339612	-0.006153065212048742	-0.012438918833861615	0.00013278840976412975	RPS20
ENSG00000140264	0.05750916037561223	0.14898746211298505	-0.00542165846190624	-0.01101612961689407	0.00017281269308158913	SERF2
ENSG00000116251	0.05781929952735154	0.14901881321482355	0.006673279745226577	-0.00022125724118622452	0.01356781673163938	RPL22
ENSG00000115677	0.059283840005135355	0.1520098461670137	0.006688162069661394	-0.0002619882418601078	0.013638312381182896	HDLBP
ENSG00000231500	0.0618749410456516	0.15784423736135614	-0.0051219256345535116	-0.010498338966812317	0.000254487697705294	RPS18
ENSG00000177700	0.06666728515707739	0.16835173019463986	0.005945813126234791	-0.0004086844228417003	0.012300310675311283	POLR2L
ENSG00000115268	0.06664703876052215	0.16835173019463986	-0.005299776898421126	-0.010963411826669378	0.0003638580298271259	RPS15
ENSG00000052344	0.07045549140191197	0.17702384774349741	-0.005957146298977493	-0.01241152919025373	0.0004972365922987446	PRSS8
ENSG00000197111	0.072619548517755	0.18036906422235555	0.006570164229123784	-0.0006029541058084256	0.013743282564055994	PCBP2
ENSG00000110955	0.07242934205022537	0.18036906422235555	0.006623096345743137	-0.000602999390504109	0.013849192081990383	ATP5F1B
ENSG00000147604	0.07286910194583164	0.18036906422235555	-0.006046896812455109	-0.012654485860417872	0.0005606922355076557	RPL7
ENSG00000108821	0.0749494044313625	0.1846044444122229	0.005687227930465453	-0.0005722765926410717	0.011946732453571978	COL1A1
ENSG00000103260	0.07564874208919341	0.18541358355194465	-0.00689482278476171	-0.014501645863173884	0.000712000293650465	METRN
ENSG00000159335	0.07661416472393853	0.1862368666721953	-0.006049941279133411	-0.012746620779079454	0.0006467382208126312	PTMS
ENSG00000118640	0.07672958906894446	0.1862368666721953	-0.006666613725786658	-0.014048778300179844	0.0007155508486065268	VAMP8
ENSG00000149273	0.08410418717362837	0.20315021056431976	-0.004923845775187961	-0.01051075088735371	0.0006630593369777891	RPS3
ENSG00000182718	0.08660900512293908	0.20819472385321894	-0.006771616446655453	-0.014516954079555527	0.0009737211862446207	ANXA2
__ambiguous[ENSG00000185883+ENSG00000260272]	0.08764758353368617	0.20940062173572419	-0.005165328713395435	-0.011092856423528787	0.0007621989967379174	None
ENSG00000241468	0.08794826112900415	0.20940062173572419	-0.006052487772126629	-0.013004670548602399	0.0008996950043491415	ATP5MF
ENSG00000085733	0.09068972962238313	0.2138908717509036	0.006572279286349553	-0.0010418919439352647	0.01418645051663437	CTTN
ENSG00000152348	0.09057638806161514	0.2138908717509036	-0.005896433075254443	-0.01272521763780525	0.0009323514872963653	ATG10
ENSG00000122705	0.09286415400927013	0.2179909718527468	-0.0061550421854780395	-0.01333374593816437	0.0010236615672082911	CLTA
ENSG00000118705	0.09405010570276563	0.21974323762328418	-0.006269630063205365	-0.013608484492858154	0.0010692243664474233	RPN2
ENSG00000083845	0.09785254344799622	0.22552021829698846	0.004848289400367167	-0.0008921551588534941	0.010588733959587829	RPS5
ENSG00000185624	0.09716336125323342	0.22552021829698846	-0.004815248002255178	-0.010504853500414031	0.000874357495903675	P4HB
ENSG00000126934	0.09787577474089298	0.22552021829698846	-0.005950861784144228	-0.012997255691276962	0.0010955321229885072	MAP2K2
ENSG00000150991	0.10046845585569197	0.23043223820112838	0.0052104612068389665	-0.0010067544515329025	0.011427676865210835	UBC
ENSG00000107223	0.1011303021087376	0.23089110070488036	-0.005028184394315915	-0.011039572448643314	0.0009832036600114858	EDF1
ENSG00000164692	0.10543276494796039	0.23702710665450583	0.005873881218935626	-0.001236752799573285	0.012984515237444537	COL1A2
__ambiguous[ENSG00000124614+ENSG00000270800]	0.1057140895679096	0.23702710665450583	-0.005005473056787637	-0.011069747212837518	0.001058801099262244	None
ENSG00000078808	0.10448254027084933	0.23702710665450583	-0.006089419281798315	-0.013440846250909362	0.0012620076873127327	SDF4
ENSG00000092841	0.1057089093768953	0.23702710665450583	-0.005037580630298669	-0.011140663384877906	0.001065502124280568	MYL6
ENSG00000168528	0.10744353051353371	0.23982930918199488	-0.005785533220583472	-0.012829576844273778	0.0012585104031068344	SERINC2
ENSG00000197324	0.11007842965678562	0.2446187325706347	0.005822526361741119	-0.0013195759911079985	0.012964628714590237	LRP10
ENSG00000159069	0.11344047973352196	0.25003855902722705	-0.005874117282541999	-0.013147436974295336	0.0013992024092113371	FBXW5
ENSG00000147403	0.11351750579836108	0.25003855902722705	0.00453044787018079	-0.0010803405686391687	0.01014123630900075	RPL10
ENSG00000197728	0.11572156102522861	0.25005664232087654	-0.005791312675011886	-0.013007364640978479	0.0014247392909547086	RPS26
ENSG00000166825	0.11547267805735321	0.25005664232087654	-0.006811687261107584	-0.015293338947419277	0.0016699644252041092	ANPEP
ENSG00000115461	0.11602628203688672	0.25005664232087654	-0.006228421094662724	-0.013995607299005931	0.0015387651096804835	IGFBP5
ENSG00000099797	0.11540319816842655	0.25005664232087654	-0.005688337356430819	-0.01276988429779537	0.0013932095849337337	TECR
ENSG00000168653	0.11579637289353371	0.25005664232087654	-0.005525953525079164	-0.012412778653386213	0.001360871603227884	NDUFS5
ENSG00000100300	0.1186969124733311	0.2536258813532716	-0.005182548248188662	-0.011692723147943675	0.0013276266515663514	TSPO
ENSG00000089009	0.1182995598054565	0.2536258813532716	0.005362344320401149	-0.001366421509698461	0.01209111015050076	RPL6
ENSG00000130202	0.12120220811551936	0.25787703854365823	-0.005438634141733795	-0.012316870248936195	0.001439601965468604	NECTIN2
ENSG00000213988	0.12259550662303714	0.2597362428454177	-0.005073313580626323	-0.011513535479626715	0.0013669083183740684	ZNF90
ENSG00000125743	0.1232941899577979	0.2601143248054808	-0.005539708549450363	-0.012585117427222466	0.001505700328321741	SNRPD2
ENSG00000215845	0.12499964839844392	0.2626043033580755	0.005696882305250318	-0.001581342199079976	0.012975106809580613	TSTD1
ENSG00000169718	0.1256035460509185	0.2627689247927165	-0.005482294689427067	-0.012497572391433986	0.001532983012579852	DUS1L
ENSG00000080824	0.13102009722770172	0.27230265565635087	0.005930352816906405	-0.0017667162106948112	0.01362742184450762	HSP90AA1
ENSG00000089220	0.13451751189423733	0.27230265565635087	0.005218030884806621	-0.0016159135622583233	0.012051975331871564	PEBP1
ENSG00000104529	0.13389997189496827	0.27230265565635087	-0.004923478614029269	-0.011361433497976648	0.0015144762699181111	EEF1D
ENSG00000131748	0.13422761888068957	0.27230265565635087	-0.006670215245658929	-0.015399555319958817	0.0020591248286409587	STARD3
ENSG00000099341	0.13233786759942673	0.27230265565635087	-0.00527997396852784	-0.012156337859836636	0.0015963899227809568	PSMD8
ENSG00000172809	0.13249969749041096	0.27230265565635087	0.004507452730775302	-0.0013652745593620997	0.010380180020912703	RPL38
ENSG00000126247	0.13287566346593624	0.27230265565635087	-0.005020451099072705	-0.011567911528879	0.0015270093307335891	CAPNS1
ENSG00000140545	0.13339367130446822	0.27230265565635087	0.0059689157040000015	-0.001825893215615054	0.013763724623615057	MFGE8
ENSG00000109475	0.13650950625488342	0.2747989595486179	-0.004952427781312022	-0.0114716541824611	0.0015667986198370553	RPL34
ENSG00000131469	0.1368498818552117	0.2747989595486179	-0.004545517584964468	-0.010534293142089195	0.0014432579721602593	RPL27
ENSG00000125520	0.1389153416635636	0.2778306833271272	0.005441430010130823	-0.0017654236986667888	0.012648283718928434	SLC2A4RG
ENSG00000100911	0.14045804624077113	0.27979690486209385	-0.005253627694432645	-0.012238912757889141	0.0017316573690238507	PSME2
ENSG00000142937	0.14399405504986768	0.2857024901783089	0.004225054108804569	-0.0014426475879827034	0.009892755805591843	RPS8
ENSG00000138326	0.14706827509592094	0.28836916685474695	0.0046255192427255235	-0.0016269427300863093	0.010877981215537357	RPS24
ENSG00000260032	0.14689032681663072	0.28836916685474695	0.005425843462904508	-0.0019052145930974476	0.012756901518906464	NORAD
ENSG00000143320	0.14619481832988532	0.28836916685474695	0.005318176902374125	-0.001855042345507026	0.012491396150255275	CRABP2
ENSG00000149806	0.14878031231095168	0.2905865474823275	-0.004199441902205429	-0.0098999907322404	0.001501106927829541	FAU
ENSG00000058262	0.1510186655403862	0.2926718324426089	-0.004619411502656885	-0.010924593868930698	0.0016857708636169267	SEC61A1
ENSG00000062716	0.15080977189878017	0.2926718324426089	-0.005736581528570493	-0.013562622179263167	0.0020894591221221814	VMP1
__ambiguous[ENSG00000262526+ENSG00000170296]	0.15355632184521203	0.2964407757629576	0.004720859814609093	-0.0017628016706526589	0.011204521299870845	None
ENSG00000152234	0.1544479592088952	0.2970153061709523	0.0053207686082450585	-0.0020026530665762238	0.01264419028306634	ATP5F1A
ENSG00000157227	0.15506920244378533	0.2970674376317727	-0.005167310380805957	-0.012290233025747645	0.0019556122641357305	MMP14
ENSG00000123416	0.16165033686564556	0.3073200320639649	-0.0046173143489925145	-0.011083548326053634	0.001848919628068605	TUBA1B
ENSG00000124145	0.1610463919301427	0.3073200320639649	0.004866182469548534	-0.0019387604876653823	0.01167112542676245	SDC4
ENSG00000162244	0.16615631879271037	0.31468999771346656	-0.004164301426819695	-0.010058801291365771	0.0017301984377263817	RPL29
ENSG00000141552	0.17030072665800622	0.32132212576982305	-0.005000467736772205	-0.0121478305864589	0.0021468951129144905	ANAPC11
ENSG00000117410	0.17254979598954745	0.3243417217848636	-0.0041170274507788766	-0.010032637068461997	0.0017985821669042439	ATP6V0B
ENSG00000010256	0.18157367770402463	0.3384750073218518	-0.004733981072920851	-0.011679303639218586	0.0022113414933768857	UQCRC1
ENSG00000145592	0.18153185168269398	0.3384750073218518	0.004061060019833959	-0.0018964353599029687	0.010018555399570887	RPL37
ENSG00000122406	0.18209955393915628	0.3384750073218518	0.0044833385602338575	-0.002102183000396533	0.011068860120864249	RPL5
ENSG00000125995	0.18464565747872347	0.3419364027383768	-0.004488326371610077	-0.011119602292240793	0.0021429495490206396	ROMO1
ENSG00000178952	0.19052402448717665	0.3515203403822447	0.004327254638457174	-0.0021517871709631166	0.010806296447877464	TUFM
ENSG00000072310	0.1926934959340038	0.35361607417132923	0.004472265714967533	-0.00225668242642877	0.011201213856363836	SREBF1
ENSG00000215021	0.19307437649754577	0.35361607417132923	-0.004685884881256143	-0.011742279558312418	0.002370509795800133	PHB2
ENSG00000089356	0.2044036497624213	0.3729993608803308	0.00429396921183897	-0.0023374959630961326	0.010925434386774072	FXYD3
__ambiguous[ENSG00000127540+ENSG00000267059]	0.20597287383026483	0.37449613423684514	-0.004733228491367953	-0.012068433926960012	0.0026019769442241067	None
ENSG00000063177	0.2081807470705519	0.3771390345481012	-0.0035353936960066065	-0.009040982605166057	0.001970195213152845	RPL18
ENSG00000125534	0.21082541466997612	0.3805512900180074	0.0038600533820694915	-0.002186115983980693	0.009906222748119677	PPDPF
ENSG00000277972	0.21263104984163192	0.3810592291068672	-0.0046051482991153764	-0.011846957199031768	0.0026366606008010156	CISD3
ENSG00000110651	0.21187235129852658	0.3810592291068672	-0.003771738338924609	-0.009693136129002898	0.0021496594511536803	CD81
ENSG00000068697	0.21488211693881998	0.3837180659621785	0.004532898478834817	-0.0026304168383084105	0.011696213795978044	LAPTM4A
ENSG00000152082	0.2158936529260388	0.384152407341706	-0.0037523504030821586	-0.009695256038875718	0.0021905552327114016	MZT2B
ENSG00000130332	0.21784102388973695	0.3862429501591081	-0.0045798821771072425	-0.011864213784044073	0.002704449429829588	LSM7
ENSG00000165119	0.2192970026762488	0.3874505347636905	0.0043858675074763456	-0.0026119713418534043	0.011383706356806095	HNRNPK
ENSG00000171858	0.2201566308972845	0.3875997022839516	0.0034637967799452415	-0.0020731512422132114	0.009000744802103694	RPS21
ENSG00000142089	0.2261184815639059	0.39669909046299284	-0.003793886096512516	-0.009937118600395685	0.002349346407370652	IFITM3
ENSG00000105223	0.22830519191573234	0.39727109913499253	-0.003941575331214214	-0.010354054909453233	0.0024709042470248037	PLD3
ENSG00000170421	0.2288281531017557	0.39727109913499253	-0.0038572365245257726	-0.010139562954287057	0.0024250899052355107	KRT8
ENSG00000140990	0.22797237598858622	0.39727109913499253	-0.004196715188528161	-0.01101939396371087	0.002625963586654548	NDUFB10
ENSG00000241343	0.23239476239039877	0.3993037154474206	-0.004322183854385026	-0.011415831773279062	0.0027714640645090105	RPL36A
ENSG00000135940	0.23110889745794697	0.3993037154474206	-0.0040557108249864565	-0.010693705749080566	0.0025822840991076533	COX5B
ENSG00000141959	0.23183088652518533	0.3993037154474206	0.004234976088650546	-0.0027071557971259028	0.011177107974426994	PFKL
ENSG00000130175	0.2351322655260742	0.40262374233916814	-0.004407025920251379	-0.011682386535223988	0.0028683346947212304	PRKCSH
ENSG00000137497	0.24015686827344424	0.4059427905029368	0.0043496058906320485	-0.002908276536299194	0.01160748831756329	NUMA1
ENSG00000164924	0.23918074733055097	0.4059427905029368	0.004595290672674454	-0.003056639032708158	0.012247220378057064	YWHAZ
ENSG00000169627	0.24031813197773857	0.4059427905029368	0.004392821666604172	-0.002939686389439081	0.011725329722647424	BOLA2B
ENSG00000255823	0.23915703518727793	0.4059427905029368	-0.003790917957565639	-0.010103113558739739	0.0025212776436084605	MTRNR2L8
__ambiguous[ENSG00000273259+ENSG00000196136]	0.24585561265918837	0.41389833781008145	-0.0043888004061152595	-0.011801190498647501	0.0030235896864169833	None
ENSG00000108639	0.25132972671944426	0.42169417234806084	-0.003557445783556676	-0.009635651854656537	0.0025207602875431854	SYNGR2
ENSG00000105404	0.2525917355330475	0.4223942065770025	-0.0038923225955450023	-0.01056041625625747	0.002775771065167464	RABAC1
ENSG00000189043	0.25534577808476877	0.42557629680794795	-0.004391466944033825	-0.011958425218270273	0.003175491330202623	NDUFA4
ENSG00000189143	0.26036305076764105	0.43249676207249343	-0.003999726141029248	-0.01096470721923643	0.0029652549371779347	CLDN4
ENSG00000198931	0.2624427862890323	0.4345079243195899	-0.0042465152635964305	-0.01167356216634459	0.0031805316391517284	APRT
ENSG00000178719	0.2635733041289843	0.4349394457573998	-0.0034997417635254046	-0.00963521445512451	0.002635730928073701	GRINA
ENSG00000167526	0.2648930336548577	0.4356793316691739	-0.003116675157243241	-0.00859570282998196	0.0023623525154954778	RPL13
ENSG00000159377	0.2662814996779884	0.43652704865244	-0.00414232205618049	-0.011445592302279192	0.0031609481899182125	PSMB4
ENSG00000105193	0.27012586722176246	0.43994440915596494	-0.003131194897503916	-0.008696284586374616	0.0024338947913667835	RPS16
ENSG00000167085	0.2695429969231907	0.43994440915596494	-0.00426693362312334	-0.011841354507475414	0.0033074872612287344	PHB
ENSG00000151366	0.27627419908247763	0.44849707643259357	0.005295076436419499	-0.004237301388040371	0.014827454260879369	NDUFC2
ENSG00000182809	0.2793964277386656	0.4520977795124039	0.0034911373624779557	-0.0028346960363778125	0.009816970761333723	CRIP2
ENSG00000009307	0.3040502025407571	0.48361287846871154	-0.0037795352485473057	-0.010987016533144857	0.0034279460360502455	CSDE1
ENSG00000105726	0.30536304659106495	0.48361287846871154	-0.004195943535607066	-0.01221925652301706	0.0038273694518029273	ATP13A1
ENSG00000182871	0.30463055590059096	0.48361287846871154	-0.003586714104473635	-0.010434703526869909	0.003261275317922639	COL18A1
ENSG00000164405	0.3015273207365142	0.48361287846871154	0.003496505732279763	-0.0031365434539654866	0.010129554918525012	UQCRQ
ENSG00000169223	0.3008185564764163	0.48361287846871154	-0.0034795352281586037	-0.010070719198549745	0.0031116487422325366	LMAN2
ENSG00000125844	0.3056433391922257	0.48361287846871154	-0.003665209470622119	-0.010677737159321259	0.0033473182180770206	RRBP1
ENSG00000167642	0.30342630708191276	0.48361287846871154	-0.00353828472501192	-0.010277007044622748	0.0032004375945989083	SPINT2
ENSG00000173369	0.31340147693537357	0.4930741621561116	-0.0034599715177092787	-0.010186833697839168	0.0032668906624206107	C1QB
ENSG00000141736	0.313595167131287	0.4930741621561116	-0.003254170973081086	-0.00958344944198037	0.003075107495818198	ERBB2
ENSG00000160113	0.32045816759339696	0.49813654380001143	0.0034543179235361405	-0.0033602006863986352	0.010268836533470917	NR2F6
ENSG00000087086	0.32079993420720737	0.49813654380001143	-0.0028085399411045806	-0.00835301200891602	0.00273593212670686	FTL
ENSG00000135404	0.3201340911949089	0.49813654380001143	-0.003056654855507206	-0.009082645288381269	0.002969335577366857	CD63
ENSG00000178980	0.3200098634337698	0.49813654380001143	-0.003294401133164993	-0.009787425410277625	0.0031986231439476384	SELENOW
ENSG00000124766	0.32191371214193565	0.49831843984819757	0.0038999133537879673	-0.003816831488810132	0.011616658196386066	SOX4
ENSG00000186468	0.3241697428843421	0.5002619488955896	0.0032466086574798906	-0.0032074661843480108	0.009700683499307791	RPS23
ENSG00000182774	0.32586286101655415	0.5013274784870063	-0.0028489251136476802	-0.008532281554447654	0.002834431327152293	RPS17
ENSG00000129353	0.32753945223926517	0.5023611230663576	-0.0034941257790602723	-0.010488800901121503	0.0035005493430009583	SLC44A2
ENSG00000117472	0.3289482407477622	0.5029789613880156	0.004011614772970178	-0.004042413224417951	0.012065642770358306	TSPAN1
ENSG00000125691	0.3342330888680525	0.5064137710122006	-0.0029508043260444857	-0.008940173798607445	0.003038565146518474	RPL23
ENSG00000196230	0.33386187854063304	0.5064137710122006	-0.003217417830502405	-0.009742930530230174	0.0033080948692253646	TUBB
ENSG00000105402	0.334013960533999	0.5064137710122006	-0.0034449230576045205	-0.010434056606584917	0.003544210491375876	NAPA
ENSG00000130725	0.33712652213394967	0.5092545651570236	-0.003181607662275888	-0.009678229356058537	0.0033150140315067606	UBE2M
ENSG00000064601	0.3383343246614571	0.5095396455744835	-0.003421719315950716	-0.010426122100594373	0.0035826834686929414	CTSA
ENSG00000148303	0.34766345343025595	0.5220171973427267	-0.002860577442096922	-0.008830594764616567	0.003109439880422723	RPL7A
ENSG00000130511	0.3493664865419761	0.5230037223682277	-0.0035979095840980623	-0.011133314035078445	0.003937494866882321	SSBP4
ENSG00000197879	0.35839992005766175	0.5319594197413983	0.003254499119071824	-0.0036908123432416846	0.010199810581385332	MYO1C
ENSG00000110092	0.36078516454139586	0.5319594197413983	0.0031137510449039574	-0.0035642665891381553	0.00979176867894607	CCND1
ENSG00000155366	0.36132166760970086	0.5319594197413983	-0.002987754496320839	-0.009402712064130379	0.0034272030714887014	RHOC
ENSG00000171298	0.36173240542415086	0.5319594197413983	-0.00349270736075641	-0.01099825877199244	0.00401284405047962	GAA
ENSG00000197958	0.36162961380566394	0.5319594197413983	0.0027261534587741548	-0.0031308802108500947	0.008583187128398404	RPL12
ENSG00000142949	0.36115333011691186	0.5319594197413983	0.0028857029654929733	-0.0033079697670088722	0.009079375697994819	PTPRF
ENSG00000074800	0.3634165427129571	0.5325122504344476	-0.0030233277802295304	-0.0095430569921983	0.0034964014317392395	ENO1
ENSG00000134827	0.36518438508324513	0.5325122504344476	0.005008346708714057	-0.0058319051387549685	0.015848598556183084	TCN1
ENSG00000176046	0.36530340379803106	0.5325122504344476	-0.0034433849560481086	-0.010898225616395557	0.00401145570429934	NUPR1
ENSG00000074842	0.37342281233711194	0.5411924816479884	0.003227838994169581	-0.003879889078248353	0.010335567066587515	MYDGF
ENSG00000188157	0.3730671478323848	0.5411924816479884	-0.0033242131902479085	-0.010638712792580354	0.0039902864120845375	AGRN
ENSG00000131669	0.3778550578281803	0.5444597375045827	-0.0031997547209679724	-0.010311356764615595	0.003911847322679652	NINJ1
ENSG00000187514	0.3770779548621278	0.5444597375045827	-0.002844302250789433	-0.009155605093358096	0.0034670005917792307	PTMA
ENSG00000172428	0.3796946578686672	0.5455383015354414	-0.0031937250604264895	-0.010319368746677616	0.003931918625824638	COPS9
ENSG00000144426	0.384989234904621	0.5515605084593425	-0.0027808747456215064	-0.009054803585781266	0.003493054094538253	NBEAL1
ENSG00000149591	0.38751420602157105	0.5535917228879587	-0.0028035415114881835	-0.009162323246948392	0.003555240223972025	TAGLN
ENSG00000172354	0.39155986601981985	0.5577775869228203	-0.002804542926107059	-0.009220106260554745	0.0036110204083406277	GNB2
ENSG00000105583	0.39277238043681584	0.557915313120477	-0.002973841749668091	-0.009794131570601057	0.0038464480712648757	WDR83OS
ENSG00000163468	0.3957815662171127	0.5605971192876951	0.0030085068565182567	-0.0039353335560530205	0.009952347269089534	CCT3
ENSG00000105438	0.39919702879049934	0.5638376112860161	-0.0029620953660506543	-0.009848469520526362	0.003924278788425054	KDELR1
ENSG00000105401	0.401617043990785	0.5656578084377254	-0.0031745595859559886	-0.010592885257244508	0.004243766085332532	CDC37
ENSG00000141522	0.41230620249261096	0.5790817450738919	-0.002682319468742932	-0.009094835241515472	0.003730196304029608	ARHGDIA
ENSG00000054148	0.4141296223669503	0.5800134767044122	-0.002937034793183898	-0.009985949987543775	0.00411188040117598	PHPT1
ENSG00000109062	0.41538742221417424	0.5801500310253831	-0.0023974505243024753	-0.008166888638664022	0.003371987590059071	SLC9A3R1
ENSG00000105669	0.4180824134090999	0.5822874838566852	-0.00284745176340605	-0.009739560912676835	0.004044657385864734	COPE
ENSG00000111057	0.4198959718140226	0.583188849741698	0.002476218063860238	-0.0035407516391940458	0.00849318776691452	KRT18
ENSG00000129354	0.4280764702714026	0.5929036984368458	-0.0031759298147621255	-0.011030574786850315	0.004678715157326065	AP1M2
ENSG00000166145	0.4302848848315286	0.5943161392700671	0.0027668262412454277	-0.004108855995445453	0.009642508477936308	SPINT1
ENSG00000172757	0.43601649892922945	0.5989237622654251	0.0023469619006701485	-0.0035584675622081317	0.008252391363548429	CFL1
ENSG00000125505	0.43542397187825777	0.5989237622654251	-0.00272549924446416	-0.009574557530881994	0.004123559041953674	MBOAT7
ENSG00000130402	0.4394139969759667	0.600292345595583	0.0025359959829980316	-0.0038925724530092065	0.00896456441900527	ACTN4
ENSG00000189060	0.4393722325094219	0.600292345595583	-0.00279379663481103	-0.009875224841258759	0.0042876315716367	H1F0
ENSG00000137331	0.44270210374844066	0.6011949840683009	-0.0025711946448451588	-0.009136068915162155	0.003993679625471838	IER3
ENSG00000107281	0.44525873501289615	0.6011949840683009	-0.0026859366296913935	-0.009582361391424769	0.0042104881320419825	NPDC1
ENSG00000134419	0.4460866781786792	0.6011949840683009	-0.002557381454604638	-0.009135687938886323	0.004020925029677046	RPS15A
ENSG00000189334	0.44172872624369497	0.6011949840683009	-0.003482824679715234	-0.01235636245265991	0.005390713093229442	S100A14
ENSG00000136240	0.4441576837313689	0.6011949840683009	0.0027316861398985186	-0.004265266087675446	0.009728638367472484	KDELR2
ENSG00000125970	0.45512790208931087	0.6117310511953103	-0.002569511717071248	-0.009312308389835664	0.004173284955693168	RALY
ENSG00000184009	0.4623963698883844	0.6198342759897915	-0.0021858454915832915	-0.008015400371447696	0.0036437093882811127	ACTG1
ENSG00000147684	0.46538846949277113	0.6221770982523678	-0.0024685974488288668	-0.00909646525019415	0.004159270352536416	NDUFB9
ENSG00000072778	0.46972934855509274	0.626305798073457	0.0025918762737805745	-0.004435163691128252	0.0096189162386894	ACADVL
ENSG00000141741	0.47396811100372127	0.6302767433560124	-0.0029463499976312203	-0.01101120525660604	0.0051185052613436	MIEN1
ENSG00000103363	0.4791641795400592	0.6354962593369485	-0.002272952141667879	-0.008568324139450051	0.004022419856114292	ELOB
ENSG00000173801	0.4924864093387974	0.6514370493899436	0.002229515727410462	-0.004137075322245807	0.008596106777066731	JUP
ENSG00000067560	0.4944047224218028	0.6522489741712437	0.0025418000330276664	-0.004748835763455982	0.009832435829511314	RHOA
ENSG00000163435	0.49952824227587866	0.6572740029945772	-0.0022532503379942715	-0.008793651420604467	0.004287150744615925	ELF3
ENSG00000184840	0.5023766604087292	0.6592869559169674	0.002350530158150138	-0.0045177822694116845	0.00921884258571196	TMED9
ENSG00000168028	0.51346267296568	0.6703168054382246	0.00223362503059668	-0.004465874258007806	0.008933124319201166	RPSA
ENSG00000265972	0.5131959585693826	0.6703168054382246	-0.0022952378423389363	-0.009175179922372866	0.004584704237694992	TXNIP
ENSG00000198755	0.5212206326143087	0.6769121778046833	0.002205275484458767	-0.004532832942707107	0.008943383911624641	RPL10A
ENSG00000127540	0.5212223769096062	0.6769121778046833	-0.0020971925653163487	-0.008505085891293005	0.004310700760660308	UQCR11
ENSG00000111669	0.5236734585024466	0.6783334954694904	0.002106843217749674	-0.004368586160077194	0.008582272595576541	TPI1
ENSG00000092820	0.5272077408967504	0.6811469520629849	0.0022322013565282462	-0.004687319468345382	0.009151722181401874	EZR
ENSG00000135821	0.5343072677473408	0.6885402934888413	-0.002199490442781945	-0.009136429720530588	0.004737448834966697	GLUL
ENSG00000111642	0.5408545066024193	0.6934032135928452	0.0021769711964541643	-0.004800357282741314	0.009154299675649642	CHD4
__ambiguous[ENSG00000134419+ENSG00000260342]	0.5403817761656059	0.6934032135928452	0.002301591796836283	-0.005066545157941764	0.00966972875161433	None
ENSG00000196405	0.5521013188523775	0.7060119166910197	-0.0020434950925379805	-0.008779250995820054	0.004692260810744092	EVL
ENSG00000130255	0.5543823908863892	0.7071203965387617	-0.0016483502750388643	-0.007112954953898822	0.003816254403821094	RPL36
ENSG00000251562	0.562992773396013	0.7162757931246984	0.001846196087507324	-0.004409795614608311	0.008102187789622958	MALAT1
ENSG00000135480	0.567581581273485	0.7189742489446027	-0.002342927262661246	-0.010376373265045296	0.005690518739722805	KRT7
ENSG00000272398	0.5679896566662361	0.7189742489446027	-0.0023263557574660625	-0.010311392298243066	0.005658680783310941	CD24
ENSG00000156508	0.5707532898323788	0.7196442280290694	0.0019942696757895015	-0.004900075276811103	0.008888614628390107	EEF1A1
ENSG00000232112	0.5713975170550811	0.7196442280290694	-0.001956116748355747	-0.008729889909074424	0.00481765641236293	TMA7
ENSG00000244038	0.5734333242473519	0.7199502168500622	-0.0020795697581986383	-0.00931911726672513	0.005159977750327854	DDOST
ENSG00000103024	0.5745202730463497	0.7199502168500622	0.0020472909608713835	-0.005100140806107392	0.00919472272785016	NME3
ENSG00000131981	0.5771220235024503	0.7214025293780629	-0.0020924658644847715	-0.009447569589813612	0.0052626378608440685	LGALS3
ENSG00000135624	0.5833385877640362	0.72735484758608	-0.002045809060075471	-0.009355936942127777	0.005264318821976834	CCT7
ENSG00000179091	0.5866051305479514	0.7296083713282977	0.0019075545833673506	-0.00496813179240786	0.008783240959142562	CYC1
ENSG00000171863	0.5899542267536902	0.7319531349301367	-0.001846456361513403	-0.008561936227688178	0.004869023504661373	RPS7
ENSG00000198258	0.5920481911171123	0.7327329097984062	-0.001915235222911333	-0.008920273661111684	0.005089803215289018	UBL5
ENSG00000269028	0.597838764678785	0.7373688298394269	0.0017223182086368342	-0.004676944594595578	0.008121581011869246	MTRNR2L2
ENSG00000079999	0.5987434898296147	0.7373688298394269	0.0022574978341381394	-0.006150986932789957	0.010665982601066236	KEAP1
ENSG00000182899	0.619106199675131	0.75570053786352	0.0015570133143498587	-0.0045817568235103304	0.007695783452210048	RPL35A
ENSG00000124664	0.6241296710436264	0.75570053786352	0.0016495716983478796	-0.004948513398690457	0.008247656795386216	SPDEF
ENSG00000165280	0.6176239118980652	0.75570053786352	0.001822557675357013	-0.005332889582444901	0.008978004933158926	VCP
ENSG00000118181	0.6200535096878064	0.75570053786352	-0.0015659103073875956	-0.007756482297972508	0.004624661683197317	RPS25
ENSG00000136068	0.6242086442752675	0.75570053786352	0.0017309403543897626	-0.005194186639126859	0.008656067347906384	FLNB
ENSG00000100219	0.6181839403140588	0.75570053786352	0.0016114314894069362	-0.004725213891796963	0.007948076870610835	XBP1
ENSG00000173812	0.623655784030578	0.75570053786352	0.0017160620665431843	-0.005138606591939715	0.008570730725026083	EIF1
ENSG00000158747	0.6319978572880731	0.7632824363382525	-0.001777210990782744	-0.009050436586819303	0.0054960146052538145	NBL1
ENSG00000117450	0.6338834802875563	0.7637150364910317	-0.0014904361238249496	-0.007623960314347334	0.004643088066697434	PRDX1
ENSG00000178372	0.6384082982905211	0.7662134843387018	-0.002282311169980953	-0.01180136983722769	0.007236747497265784	CALML5
ENSG00000130309	0.6390220459384773	0.7662134843387018	0.0017599586049866773	-0.005593913155279696	0.00911383036525305	COLGALT1
__ambiguous[ENSG00000241343+ENSG00000257529]	0.6478400034699148	0.7730787630905904	0.0015062519515693263	-0.004957027680060405	0.007969531583199057	None
ENSG00000066322	0.646422739617531	0.7730787630905904	0.0016012370387639304	-0.0052400773969143895	0.00844255147444225	ELOVL1
ENSG00000125991	0.6518823817832141	0.7760504545038264	-0.0015878211398954714	-0.008485928712203251	0.005310286432412308	ERGIC3
ENSG00000163682	0.6607933598604313	0.7847902136109636	0.0013672158696033923	-0.004739400962517201	0.007473832701723986	RPL9
ENSG00000188229	0.667722514030411	0.7911404194673117	0.0015461006250584734	-0.005513000833463429	0.008605202083580376	TUBB4B
ENSG00000165215	0.671369865287188	0.7935814010486856	-0.0013723362264493662	-0.007712020476822118	0.004967348023923386	CLDN3
ENSG00000130726	0.6854603172415068	0.8045308887811113	-0.001403852936315036	-0.008197290687879484	0.0053895848152494125	TRIM28
ENSG00000166441	0.6848033153774241	0.8045308887811113	-0.0011616440050359993	-0.006770619096059601	0.004447331085987602	RPL27A
ENSG00000030582	0.6829196966228608	0.8045308887811113	-0.0013031862263784425	-0.0075560855542758645	0.0049497131015189795	GRN
ENSG00000173272	0.6883563433095562	0.8060378727278176	0.0012964785632620388	-0.00503893900991682	0.007631896136440898	MZT2A
ENSG00000167470	0.7007251522860881	0.8166959816854173	-0.0012976789014200107	-0.007915236769995424	0.005319878967155404	MIDN
ENSG00000142676	0.6999517820287615	0.8166959816854173	-0.0011336480846983554	-0.006899067623516495	0.004631771454119785	RPL11
ENSG00000204628	0.7068459061463526	0.8219138443562239	-0.001064785951080365	-0.0066137546676986615	0.004484182765537931	RACK1
ENSG00000161970	0.7125672117361046	0.8239094718845852	-0.0014172644170955923	-0.008957189698486358	0.006122660864295174	RPL26
ENSG00000160948	0.7160597553685764	0.8239094718845852	0.0013367040182416985	-0.005866146605785596	0.008539554642268993	VPS28
ENSG00000144713	0.7145523906680495	0.8239094718845852	0.0011104708847333791	-0.004840285053363115	0.007061226822829873	RPL32
ENSG00000162889	0.7168012405395892	0.8239094718845852	-0.0012439618685557638	-0.007965414072773066	0.005477490335661538	MAPKAPK2
ENSG00000168542	0.716664967632693	0.8239094718845852	0.0013881925063481957	-0.006108805574185592	0.008885190586881983	COL3A1
ENSG00000130520	0.7211995352192697	0.8270636871780616	-0.001232774875367574	-0.008003555455451214	0.005538005704716065	LSM4
ENSG00000101335	0.730921619865682	0.8362947595717186	0.0011459301846836489	-0.005384988693780218	0.007676849063147516	MYL9
ENSG00000169100	0.735974289587165	0.8401532986154852	-0.0010806946078260476	-0.0073623981864426435	0.005201008970790549	SLC25A6
ENSG00000084754	0.7490087980168092	0.8521831597687881	-0.0011341675144020587	-0.008081974924693197	0.00581363989588908	HADHA
ENSG00000174444	0.7499211805965336	0.8521831597687881	-0.0010441960067598976	-0.007464994796146816	0.005376602782627022	RPL4
ENSG00000171345	0.751858302948774	0.8524470554974761	-0.0009015201753637598	-0.006489764948701812	0.004686724597974291	KRT19
ENSG00000113140	0.7576263230107592	0.8570433518221258	-0.0010792409708230161	-0.007933673756587826	0.005775191814941793	SPARC
ENSG00000130811	0.7641770364986716	0.8625022985312321	0.0011843193576623386	-0.0065530875718486275	0.008921726287173304	EIF3G
ENSG00000233276	0.7700252912283133	0.8671455982300825	-0.0010058081316120131	-0.007749105246731769	0.005737488983507742	GPX1
ENSG00000174903	0.7744470867062714	0.8695039959171842	0.0010247740931149374	-0.005984231188415531	0.008033779374645406	RAB1B
ENSG00000185043	0.7755975643581283	0.8695039959171842	-0.0009897490020770831	-0.00779486714495605	0.005815369140801884	CIB1
ENSG00000149257	0.7824020123701049	0.8712717286972215	-0.0010934716864956615	-0.008853216281064686	0.006666272908073364	SERPINH1
ENSG00000106624	0.7790746641871671	0.8712717286972215	0.0009542627197018367	-0.0057129499522097175	0.007621475391613392	AEBP1
ENSG00000123989	0.7817452139565052	0.8712717286972215	-0.0009806370639619537	-0.007918175242065194	0.0059569011141412855	CHPF
ENSG00000168350	0.785871559720164	0.8731906219112933	0.0009926511358974693	-0.006168688950090979	0.008153991221885919	DEGS2
ENSG00000166598	0.8009142302207086	0.8874622134824565	0.0009278781022096431	-0.006284122754094073	0.008139878958513359	HSP90B1
ENSG00000163479	0.8075906142690354	0.8874622134824565	-0.0008054200921999772	-0.007287409762205425	0.005676569577805471	SSR2
ENSG00000187837	0.8050079026480884	0.8874622134824565	-0.0011047767185265135	-0.009875838491840622	0.007666285054787594	HIST1H1C
ENSG00000196576	0.8043917458362357	0.8874622134824565	0.0008044832039347843	-0.0055619502171099155	0.007170916624979483	PLXNB2
ENSG00000100316	0.8071154825392151	0.8874622134824565	-0.0007112107166210809	-0.00642062513723252	0.004998203703990357	RPL3
ENSG00000161011	0.8155574785714098	0.8942516212405809	0.0008310592454386752	-0.006151826185797076	0.007813944676674426	SQSTM1
ENSG00000161960	0.8221795621204795	0.8975759411795627	-0.00075984132842523	-0.007386364192922525	0.005866681536072064	EIF4A1
ENSG00000140988	0.8217752511291778	0.8975759411795627	0.0006406659947109323	-0.004933646503721708	0.006214978493143572	RPS2
ENSG00000110700	0.8261098956541082	0.8999018471177649	0.0007444748957158364	-0.005897251988308036	0.00738620177973971	RPS13
ENSG00000196531	0.8321485605987635	0.9026647426803571	0.0008087856065520832	-0.006670406668519569	0.008287977881623736	NACA
ENSG00000197756	0.8322568927512893	0.9026647426803571	-0.0005855917590468804	-0.006004363542293681	0.004833180024199921	RPL37A
ENSG00000163453	0.8341476374161092	0.9027571833507675	-0.0007523226017912152	-0.007794491935887699	0.006289846732305268	IGFBP7
ENSG00000161203	0.8403971467849376	0.9075563140226107	-0.0006793294585718133	-0.0072908343880535775	0.00593217547090995	AP2M1
ENSG00000142541	0.847195434350551	0.9129261146018868	0.0005449594545914591	-0.0049979133885547766	0.006087832297737695	RPL13A
ENSG00000106211	0.8519490296957423	0.9160742254792927	-0.0006023371998008551	-0.006927930048286658	0.005723255648684948	HSPB1
ENSG00000167996	0.861314617359796	0.9241573147637295	-0.0005113017331105508	-0.006247578230930874	0.005224974764709772	FTH1
ENSG00000143420	0.8781744628514552	0.9371247350817336	0.0005226559630737498	-0.006160286117949329	0.007205598044096828	ENSA
ENSG00000163191	0.8761747547897429	0.9371247350817336	-0.00048082544473843883	-0.006528825691629859	0.0055671748021529814	S100A11
__ambiguous[ENSG00000198563+ENSG00000254870]	0.8865199993873198	0.9371247350817336	0.0004892604784900932	-0.006230237516256984	0.00720875847323717	None
ENSG00000175166	0.884372424195739	0.9371247350817336	0.000540535256959011	-0.006744339062843745	0.007825409576761767	PSMD2
ENSG00000100345	0.8836526829116191	0.9371247350817336	0.0005220445575394059	-0.006469795052034336	0.007513884167113146	MYH9
ENSG00000196498	0.8807742697737951	0.9371247350817336	0.0005736379771060329	-0.0069223720504978225	0.008069648004709887	NCOR2
ENSG00000112308	0.8849581668310542	0.9371247350817336	0.0005874966736230767	-0.00737088221427152	0.008545875561517674	C6orf62
ENSG00000104960	0.8896895466355971	0.9371983053080921	0.000478481856896321	-0.00628306919077371	0.007240032904566351	PTOV1
ENSG00000170315	0.8903383900426874	0.9371983053080921	0.0004407434642788888	-0.005824604320324667	0.006706091248882445	UBB
ENSG00000250479	0.8954612555648948	0.9406105625681668	-0.0004883599288705996	-0.007772908397962285	0.006796188540221085	CHCHD10
ENSG00000185499	0.8989552595623851	0.9423011106523953	0.0003932832044277457	-0.005677070301304325	0.006463636710159816	MUC1
ENSG00000204256	0.9054758431155522	0.9471504635099919	0.0004357644735859752	-0.006756695726791123	0.007628224673963073	BRD2
ENSG00000131143	0.9076474661016384	0.9474399437386622	-0.00038859226300681175	-0.0069539784086645965	0.006176793882650973	COX4I1
ENSG00000103266	0.9160085014833947	0.9535989260950841	0.0003919486440288506	-0.006892178502229522	0.007676075790287224	STUB1
ENSG00000115884	0.9173621669034709	0.9535989260950841	0.00034507131833022857	-0.006173304849601996	0.006863447486262452	SDC1
ENSG00000103495	0.9253507627775395	0.9550010828547981	0.00036224612075800905	-0.007215350005240719	0.007939842246756737	MAZ
ENSG00000163399	0.925296565496838	0.9550010828547981	-0.00031712617835798803	-0.006946060034629992	0.006311807677914016	ATP1A1
ENSG00000213741	0.9263510503691541	0.9550010828547981	-0.0002681258963774015	-0.005953279898375095	0.005417028105620293	RPS29
__ambiguous[ENSG00000243678+ENSG00000011052]	0.9236836571224306	0.9550010828547981	0.0003140854265065707	-0.006112119462165798	0.00674029031517894	None
ENSG00000070756	0.9366364363229033	0.9636177328424931	0.0002518280919654087	-0.005956797521643213	0.0064604537055740294	PABPC1
ENSG00000130313	0.9385752211707822	0.9636295905244171	0.0003079008026026002	-0.007523252206173675	0.008139053811378876	PGLS
ENSG00000111775	0.9473847747058575	0.970681121624854	-0.0002321629725932432	-0.007127484960470468	0.006663159015283982	COX6A1
ENSG00000011304	0.950927980786425	0.9723189987591259	-0.0002028345747122133	-0.006662680222322261	0.006257011072897834	PTBP1
ENSG00000164919	0.9739964700552058	0.9924705029518471	-0.00010360436905616931	-0.006333159208905389	0.00612595047079305	COX6C
ENSG00000108344	0.9746060338987139	0.9924705029518471	-0.0001179097011509209	-0.007377862836401942	0.007142043434100101	PSMD3
ENSG00000110321	0.979671018961988	0.9938651922019033	-9.057820933473245e-05	-0.007057633813254287	0.006876477394584821	EIF4G2
ENSG00000002586	0.980018243531678	0.9938651922019033	-9.11910316613505e-05	-0.0072272957756960195	0.007044913712373318	CD99
ENSG00000161016	0.983706869928975	0.9938651922019033	5.6566760036285305e-05	-0.005372369541501483	0.005485503061574054	RPL8
__ambiguous[ENSG00000257341+ENSG00000213145]	0.9839265402798842	0.9938651922019033	6.259852399237541e-05	-0.006027348316165468	0.006152545364150218	None
ENSG00000117691	0.9865029382413797	0.994458607098165	-5.811981556630662e-05	-0.006791799148568175	0.006675559517435562	NENF
ENSG00000125835	0.9894172349762587	0.995389572410723	-4.928984788947103e-05	-0.007332682822793331	0.007234103127014388	SNRPB
ENSG00000188846	0.9919900306596141	0.9959739263650744	-3.207140757201547e-05	-0.006293422039551752	0.006229279224407722	RPL14
ENSG00000106263	0.999117031109113	0.999117031109113	3.8071024071827494e-06	-0.00673894542214229	0.006746559626956655	EIF3B
ENSG00000184110	0.9987216336590395	0.999117031109113	5.5152943619937345e-06	-0.006741339074154645	0.006752369662878632	EIF3C
